{
	"critical_value" : 0.01,
	"chi_square" : [249.4, 6.6, 9.2, 11.3, 13.3, 15.1, 16.8, 18.5, 20.1, 21.7, 23.2, 24.7, 26.2, 27.7, 29.1, 30.6, 32.0, 33.4, 34.8, 36.2, 37.6],
	"slices" : [ 
		{"id" : 50, "rate" : 10}, 
		{"id" : 51, "rate" : 10}
	],
	"topology" : {
		"switches" : [ 1, 2, 3, 4],
        "links" : [
        	[1, 2],
			[1, 3],
			[3, 4],
			[2, 4]
        ],
        "queue" : [ 51, 50]
	},
	"bandwidth" : 100,
	"slice" : {
		"rate" : 10,
		"priority" : 3,
		"routes" : [
			{
				"path" : [1, 2, 4],
				"epsilon" : 0.01,
				"statistic" : "poisson.csv"
			},
			{
				"path" : [1, 3, 4],
				"epsilon" : 0.01,
				"rho_a" : 0.67,
				"b_a" : 1
			}
		]
	}
}
